,Creator,Views
1335,theallguy,21
1,163_9cm_jade,21
218,nintle,20
2,2u2_0109,17
1565,casvswrld,17
116,indiecenttv,15
210,alsaaql,14
1036,saira._.h,13
91,the.navarose,13
596,jakefellman,12
1029,jeeeeeeeeeeena,12
1289,cocolcat,11
1280,kelcismith4,11
1164,brittxosm,10
1106,ninja,10
1234,sulheejessica,10
68,.ssoar,10
35,markbenzonpelota,9
156,motokn68,9
173,user2939392823,9
494,hamster_is_life,9
317,nickgrajeda18,8
83,quelatooturnt4u,8
929,futurelettuce,7
32,patty.pattyy,6
60,warlordguy333,6
1017,sadportrait_,6
784,sp4cetown,6
1238,bakerbettie,6
793,louisatalksbuildings,6
1484,oshima_,6
517,hollaea,5
344,romi.appletree,5
271,vadaxin.6,5
635,designertom,5
519,benthornewill,5
1150,_julia_the_,5
283,scp._.stories,5
555,jimjamwitheart,5
1377,chubs_moo,5
125,the_jindo,5
1097,thepaperpat,5
1294,paik4president,5
77,sambucha,5
499,a1aadventures,5
112,culted,5
31,bbambamm,5
953,beatmaniaiidx,5
724,sillygeorgie,5
1307,realitytv_,5
732,zeth,5
734,happysmileydude,5
1579,ursbby,5
624,fiasko_san,5
467,whatyoudoincrackie,5
1276,yerblova,5
316,surrellfamily,5
675,miyabigrace,4
162,artofneight,4
1115,songdude0,4
535,gabbo272,4
811,charlidamelio,4
1033,notoriouspharmacist,4
140,74amy113,4
127,angiedkr,4
736,mini_robomuppets,4
250,houseofhighlights,4
1386,chris_cannon_,4
110,skweezy4real,4
89,abbyroberts,4
1312,kaiyaleche,4
1119,alan.becker,4
755,hannahxxrose,4
194,belleryanooo52,4
569,kaylinskyee,4
516,racduca,4
551,the.yolohouse,4
420,doobydobap,4
1299,where_is_the_sky,4
157,asianmuminlaw,4
1498,freshfusionfx,4
281,h3yimrobby,4
129,steviechandos,3
119,joshuaaalampour,3
513,piatoscano13,3
190,alex_cook19,3
181,caitlynearwaker,3
121,jacobcollier,3
182,bsugarsweet,3
669,rianne_elizabeth,3
831,ticktockdaddy,3
679,aeyoungie,3
163,jollyhohnsonart,3
531,loganmadnes,3
1528,reezypeasy,3
616,huesofparker,3
1269,datzebra2,3
166,markraggio,3
167,thegr8khalid,3
170,fortheboysyeah,3
545,taylorstictac,3
1066,diana_mengyan,3
1163,stormi.fold,3
1067,yourfloof,3
150,trivialbroker,3
193,aceman404,3
794,taiyoutori,3
792,tiktoktips,3
530,lesley_sung,3
141,gogyanddre,3
299,rebeccalynnhager,3
133,izzybnart,3
328,sofiawylie,3
1010,hwoo.lee,3
109,luvshigeo,3
243,10schinesefood,3
985,kinezivojnici,3
638,ryanhaleyt,3
901,youinmybuizdontdothat,3
1096,falserelations_music,3
408,its_brother_imad,3
64,readyrolll,3
1184,jimmiss6868,3
750,renae.prasad,3
968,evan_soy,3
967,mendocinocountyhistory,3
740,pa_lemon71,3
82,cincinnata_demetria,3
36,kaylavoid,3
34,ariearie_arie,3
487,amiri75_,3
729,janewickline,3
620,adamceramic,3
1176,randomhomelessguy2,3
10,cloudszxcml,3
253,backup.mc,3
1142,the.biscuit.factory,3
254,egotortilla,3
81,notlenasyed,3
819,yoriyongd,3
1153,maybetamsin,3
384,johnstamosfanpage1,3
1541,savvstagram,3
1093,audi_lust,3
99,wwarchie,3
566,acojess,3
1247,thehousenobodyaskedfor,3
86,44doooo,3
93,wokeupat8pmforbreakfast,3
399,onemermaidsfantasy,3
1173,littlespecial9,3
84,shubhylahane,3
382,skywaymisfits,3
108,yanyandejesus1,3
266,yourlocalbreadmanz,2
1172,niccoya,2
1483,ledcolorrss,2
1485,micah.colemann,2
829,chrissyalyssa,2
1168,dima.kungurskiy,2
1486,carolinesieren,2
662,morepestoplease,2
1449,xiangxiaoxiao77,2
851,mokeman0969,2
1171,trixelthepixel,2
833,lezswitch,2
1024,gelo_clean,2
1467,goharsguide,2
311,seangause,2
313,emilyrayna,2
1474,trecapalxt_,2
1035,sammy.gerb,2
1046,justiceforclaudiaconway,2
1169,gerard.leconte,2
298,michaelfarrere,2
304,rogerwh0,2
305,edwardzo,2
1263,thehofstetter,2
278,pet.bestfriend,2
553,tbmiranda,2
552,syakanani.riisan,2
846,indiegamergorl,2
1028,archiethefloof,2
668,becarefulmerch.com,2
1027,boopswithluca,2
1457,efhanmaver,2
312,sherwinsalehi,2
1167,leah...peah,2
366,meute_official,2
319,alex.cojuhari,2
413,royalshocknezz,2
1104,lewiethechicken,2
748,emmaavishort,2
749,birdmom777,2
419,zinkeybucket,2
1102,dianasaurusrex124,2
1101,mrghostyguy,2
758,giosanpedro_official,2
818,donkieee,2
759,thetelepatiagirl,2
1094,tlctv,2
401,thetinychefshow,2
400,weijiajules,2
764,bugs.have.pets,2
688,onlyvibing,2
1364,sweatyarmpit69,2
493,senseibraus,2
1149,leannaxbanana,2
743,akamztwenty20,2
1303,tinymeatgang,2
1112,josh1morris,2
436,bruceyb928,2
437,litty_titties,2
486,jakevscake,2
730,emmawithu,2
444,adrian_mountainman_sr,2
1116,girardtv,2
696,foxterradesign,2
1310,gochuzhe,2
1338,.macc_,2
1328,maddisonskitchen,2
712,unlucky8shop,2
686,sourbesostv,2
391,pinkcaterpillar1,2
390,crouchyeditz,2
1073,steves_knees,2
323,joshua_paine,2
814,braydentabakian,2
810,not.even.emily,2
809,aidanpleasestoptalking,2
1278,usajalandhar,2
525,gothamthevampirecat,2
337,memes___74,2
524,karyy.kayy,2
523,vflow_xo,2
1065,thatdudecancook,2
347,leesiyoung38,2
348,andrew.masek,2
349,photoeditor808,2
791,shawty.arabia,2
358,misheele,2
1392,cleonotcloe,2
1415,polnareffhair,2
1414,yourlocal_moisha25_,2
1413,itsyannis,2
362,excel.friend,2
787,bigboyjuicejuice,2
678,gaige,2
1406,keyratttt,2
1405,sensory_sounds,2
1403,maybezyloh,2
680,dontstopmeowing,2
1290,karaleapior,2
774,lala_sadii,2
1394,zxayzq,2
386,bigbossbowzerofficial,2
261,auroraski0,2
615,lyrindaniele,2
132,tomkaisr,2
106,samatulski,2
131,nyc.hairgoddess,2
130,thebenjohns,2
128,minecraft.miracle,2
126,itz_famouszayy,2
1215,skskp7,2
124,jjk.gxkx,2
123,benplattypus,2
122,livluvrr,2
120,queenlaiba121,2
118,kokuaj,2
117,isthatachance,2
115,chinobachatero,2
1587,gorntnotgrant,2
1206,myfatherisadragon,2
114,th3favourit3s,2
113,kavyaborra,2
111,yourrichbff,2
17,nicolemanarang19,2
134,ketnipz,2
135,orlagartland,2
146,new0056,2
155,darastarrtucker,2
153,mr_hobnob,2
152,agatherenou,2
151,jaddgly,2
149,ekaveen,2
148,lukasaliib,2
147,studio_ghibli0,2
145,peterjagielski,2
136,notamango,2
144,celinaspookyboo,2
143,loser.__.kid,2
142,maelov_,2
1591,aridaribobari,2
139,anothermarco,2
138,maytree_music,2
137,sisic19,2
107,colpittstricia24,2
105,marianne.la.mesera,2
159,chenf06,2
22,donnalyn,2
70,insta.noodls,2
1220,poolpromj,2
66,notnico,2
587,_defuk,2
625,nicemichael,2
1578,zamirasulejmani,2
962,usopen,2
38,urfavunnies,2
592,..b1txch,2
1563,christians.spit,2
39,zukogang13,2
52,karlasavings,2
51,hayley409,2
1567,mildhippie,2
1225,unrealparadise,2
45,zapstars,2
965,tenzofficial,2
583,ben.duong,2
1551,jlittless,2
25,graciajessicajane,2
97,thedegsters,2
104,chrisyellstoomuch,2
103,faithelizabetha,2
24,ke.yingan,2
102,mikeallor,2
101,bestofroyals,2
100,maryhill_maple,2
98,xnatalierx,2
96,groovygooby,2
1547,barrynotlikethefruit,2
95,geigertigerart,2
94,pamperplace,2
1237,uketropolis,2
580,mycolyco,2
85,nahitsonlywill,2
1545,littlewolfiebird,2
581,tuckerpickel2,2
158,noodlegurl101,2
154,mackenziestith,2
160,ugly_biggie,2
1511,minibigtoe,2
1008,fishermanchristian,2
1007,irum24yt,2
876,oscarh0139,2
877,lillp0d,2
879,niasarch,2
880,braydendegarmo,2
1524,zezos_,2
216,taylorpaape,2
1525,youreluckyimbad,2
214,whamoscruzz,2
1527,breebsudbury,2
161,daleyeah20,2
999,mmuruah,2
998,arkitechnology,2
997,camden.grant,2
870,valorant.videos,2
1510,philadelphiajewel,2
888,samiamc6,2
617,definitelytrisha,2
257,sarahkinsleyd,2
256,randomstuffdsmp,2
857,topheymc,2
252,abby_careyyy,2
1020,lysslux,2
946,ghosthoney,2
248,corinnecarr,2
1496,abbystiktok69,2
1497,generic_bee,2
1018,samdaotv,2
1180,savoreachbite_,2
4,fathermystic,2
1013,shortestblockbusters,2
1506,iliketodrinktea1,2
563,tom.smallwood,2
644,bananajoe_gumball,2
1000,art_spam2020,2
1188,geowizardfanpage,2
186,.txmaki,2
184,bk.2young,2
1211,learnnorthernchinese,2
183,bulmskeetz,2
180,pnwbettas,2
179,chowderthebulldog,2
178,heather.elainek,2
177,ashleighpaine,2
176,ivansoria01,2
175,nowthis,2
174,nizzybabey,2
172,musasiame,2
171,thezenblonde,2
169,truecrimecam,2
610,niiitsujee,2
168,tankwarpro,2
165,lubalin,2
164,torreredman,2
185,yourboiandres1,2
921,texykitchen1,2
197,depressed_lobster_,2
191,rico.lr,2
1212,zionstaples,2
9,smalltalkpodcast,2
196,izzywizzy210,2
195,itzadzz,2
577,.pandito,2
192,bluphoriaband,2
189,andagainco,2
188,hand_shadow_girls,2
8,naiagoesawoo,2
187,writeyourwrongs,2
1203,han_nnuhh,1
1205,megan.elizabeth.x3,1
1148,battymillz,1
1207,annaleigh292,1
1144,minaisverycool,1
1147,tiahardyx,1
1139,craigc212,1
1146,jajc45,1
1143,poppincandyofficial,1
1208,chaseandmomo,1
1140,meetjulio,1
1136,ceramicnoodles,1
1137,keelogreen11,1
1204,about.crypto,1
1141,bebehanjo,1
1145,wafflesailor,1
1138,azinamiller,1
1178,michaelwilbursax,1
1202,nastay_gal,1
1201,we58413,1
1165,clairbo99,1
1166,findingnimesh,1
1192,iiiihateithereiiii,1
1191,itz.me.babyyy,1
1190,prcreekcats,1
1189,thenailplug.18,1
1170,gibbylikefromicarly,1
1187,lexarc23,1
1186,tomcoben,1
1185,kbmama13,1
1174,james_ikin,1
1175,leather_frank,1
1134,hunterfill00,1
1183,onefiftythree_,1
1182,strikegentlyco,1
1181,jenle4,1
1179,baidaugh,1
1162,florinvede,1
1161,coreybricker,1
1160,gibbyxgwen,1
1194,gansit0lover,1
1200,bluecheesedressing4me,1
1199,_soggy_nugget_,1
1198,tiktokchavs_,1
1197,elijahkatz,1
1196,duoer_,1
1195,minisporgiti,1
1151,charlieberens,1
1193,a_crumpy,1
1177,k20a.i19d,1
1152,imdopemar,1
1154,michaelgeary2,1
1155,pxpi_noxh,1
1156,god_of_sp33d,1
1157,yogirliman,1
1158,sei_08,1
1159,cameramccall,1
1135,noelmireles2,1
0,codyko,1
1133,ii_0825,1
988,deeptomcruise,1
1011,preston.lavine,1
1009,themicroguy,1
1006,kellykimiko,1
1005,grannystinkz,1
1004,beku.osu,1
1003,livestreamgod,1
1002,aframe.on.fletcher,1
1001,ripvine__2016,1
996,bogdan.ioan.official.ro,1
995,baystation2,1
994,thenickluciano,1
993,mazzyooze,1
992,annaresendes,1
991,shumibrody,1
990,gaymatt,1
1012,spicednice,1
1014,tattedcake,1
1015,poggerstm,1
1031,dukeandjones,1
1040,snackclub,1
1039,macoydoesthings,1
1038,eyegirlmd,1
1037,funnymamafosho,1
1034,satisfying_tetris,1
1032,autotune..x0,1
1030,gokuza0,1
1016,theorchdorkteacher,1
1026,kazebeat,1
1025,themakenzo,1
1023,estelle0_0,1
1022,esperborzoi,1
1021,littlekeithy1,1
1019,shopemilycdesigns,1
989,mxmtoon,1
987,jdocc,1
1132,c0mpil3d,1
986,trinitymay007,1
963,qingfood,1
961,wildsidesabrina,1
960,melissadilkespateras,1
959,feleup,1
958,yur0divy,1
957,megannn_m7,1
956,batresgilvinart,1
955,4urn,1
954,aubrey_rose78,1
952,natedough,1
951,irahkhan28,1
950,luca.skywalker66,1
949,ceginkali,1
948,im_kind_of_an_artist,1
947,chess,1
964,wonderlife.foryou,1
966,itscaitlinhello,1
969,minuteearth,1
978,houseofhamster,1
984,aking_o,1
983,kaylazulik,1
982,maxg3ntile,1
981,lukeoakvt,1
980,ajrafaelmusic,1
979,maxemersontaylor,1
977,hey_itsmeviv,1
970,thatkiwiguyy,1
976,pg13pinkalicious,1
975,hollisbrook,1
974,lyderinc,1
973,hannaleetidd,1
972,betechhh,1
971,_sourpqtchttv,1
1041,melissugly,1
1042,drawings.by.ria,1
1043,itsbussinpops,1
1044,prettysmallfood,1
1109,aestheticfashion19,1
1108,snifferish,1
1107,eddieligersmith,1
1105,zevyonstech,1
1103,marcas.m,1
1100,art_is_life_9799,1
1099,ricecoffee,1
1098,amyharrietx,1
1095,zarbruh,1
1092,militaryactivity,1
1091,ajsreptiles1,1
1090,sergei_03.04.851985,1
1089,lissyyes,1
1088,aerialjunkie,1
1087,krausertiktok,1
1110,footty_wrld,1
1111,mrsoliviamai,1
1113,niccolo_9,1
1125,jennday_ak907,1
1131,thesalguerofam,1
1130,vaqrgaming,1
1129,mewisme700,1
1128,habibi_reacts,1
1127,lucy_and_greg,1
1126,howardjohnson_,1
1124,donatellaaa,1
1114,lindsaywhtmrsh,1
1123,averiehutchinson,1
1122,mindblownmagic_illusion,1
1121,8dixi8,1
1120,iamvtuber,1
1118,rickybobbychef,1
1117,cheybigfatdog,1
1086,selena_drink,1
1085,jon.reyes,1
1084,lauren_schumann,1
1054,millyshaparoni,1
1060,llusionmusic,1
1059,imgirlytv,1
1058,adweek,1
1057,jakegracey,1
1056,costcodealsandsteals,1
1055,teenscientist,1
1053,ron.and.monty,1
1062,hoppuman,1
1052,nikkiintofit,1
1051,lucasloogie,1
1050,kimberly._.00,1
1048,mos_brass,1
1047,barti.onthebeat,1
1045,imayumianime,1
1061,succulentbite,1
1063,toolstoday,1
1083,garycrossland,1
1076,drewdirksen,1
1082,my_friend_the_dog,1
1081,anastasirine,1
1080,buster_and_brothers,1
1079,tiktoker_lisa,1
1078,captainkatemccue,1
1077,mariefeandjakesnow,1
1075,khloe_le_chaton,1
1064,brandominos,1
1074,kyhanpeppers,1
1072,kykyryry,1
1071,louexorcist,1
1070,shammblock,1
1069,tailoredtulle,1
1068,king.science,1
1049,kagaminelenhands,1
1321,charlotte__martel,1
1209,camillacolbro,1
1450,orphic.rose,1
1470,otakoyakisoba,1
1469,mleadetp,1
1468,dylan_gould,1
1466,osama.alnaser,1
1465,domianahart,1
1464,o9l9l9o,1
1463,lizard.breath.bobanna,1
1462,marktuan,1
1461,thebipolarbaddie,1
1460,reaganlevi,1
1459,gene9569,1
1458,emmamariestew,1
1456,kickedbuttowski_,1
1455,jakaobe,1
1454,gogymwah,1
1453,christinetrannguyen,1
1452,corywinn,1
1471,ese_zea,1
1472,unfound_target010,1
1473,shiannecarmona,1
1488,flavduma,1
1495,zhanghao104,1
1494,babybabyxd,1
1493,sparklingwithdemi,1
1492,stevenquartzlolol,1
1491,itsjustbernard,1
1490,lil.hustla,1
1489,babyy.cleopatra,1
1487,j_cooper55,1
1475,maggiemagooo,1
1482,die4toot,1
1481,imquig,1
1480,maus040,1
1479,mickeydobbsy,1
1478,yoyothericecorpse,1
1477,winkythedwarfcat,1
1476,sarah_hennessy1,1
1451,carchic,1
1448,straw.hatkage,1
1500,wolfeeii,1
1447,catchmeincedarrapids,1
1426,skeducates,1
1425,ohheyadam,1
1424,bay0km,1
1423,wkuk_vids,1
1422,crim420,1
1421,tjaxkson,1
1420,mattisouthne,1
1419,bigolnoob,1
1418,429_shun,1
1417,phatnicholas,1
1416,gothiccteetaas,1
1412,nickygirrl,1
1411,jennna.com,1
1410,_harrylam,1
1409,josh.rhoton,1
1408,malvinaisfan,1
1407,jakeblivengood,1
1427,nw.builds,1
1428,stormy_boi_,1
1429,yolandyne,1
1439,storyytimeyuh,1
1446,columnsandrose,1
1445,badbihmooey,1
1444,dianaggraham,1
1443,toastedshoes_,1
1442,yoleendadong,1
1441,adit.ya01,1
1440,jay0448,1
1438,l.v.a.s,1
1430,speeduncle99,1
1437,kneeneebop,1
1436,erins_secret_spam,1
1435,llaurenkimm,1
1434,tristat5,1
1433,mattcantu4,1
1432,danthemanklein,1
1431,genifromtheblock,1
1499,remainingshater,1
1501,ashnaa_ns,1
1210,aaronheyaaron,1
1553,whothinkyoufoolin,1
1574,tonyyounmd,1
1573,artbyhannahmay,1
1572,gracewellsphoto,1
1571,impactforgood_,1
1570,sushienotfound,1
1569,ladiijae57_,1
1568,ethankleinh3,1
1566,zylerslife,1
1564,ausopen,1
1562,_i_declare_bankruptcy,1
1561,chavielive,1
1560,holisticchefniki,1
1559,clovercullen,1
1558,brandosmitho,1
1557,maximusthegreat07,1
1556,palmertrolls,1
1555,hocusdokas,1
1575,goodtroubletv,1
1576,sanelaslani,1
1577,uchihaani,1
1590,wes.phillips,1
1598,jweezy25,1
1597,sunshine2_69,1
1596,camisenior,1
1595,nark0mann,1
1594,.pissbabysbitch,1
1593,prinncessmiraa,1
1592,goldi_glob,1
1589,laxxner,1
1580,mileycyrus,1
1588,itstimeformemories,1
1586,gopro,1
1585,t_bos_lover,1
1584,yourdailydoseofdream_,1
1583,tastegreatfoodie,1
1582,destiny_jimochi,1
1581,brianschraeder,1
1554,catinahammock,1
1552,am4nn,1
1502,mcleandroo,1
1550,nbcsnl,1
1522,timeswhensctors,1
1521,carlilush,1
1520,alexiswithoutan_a,1
1519,victoriaminnich,1
1518,egukin0,1
1517,motherkc,1
1516,skuazlol,1
1515,miahayward,1
1514,stinkyturtletoes,1
1513,stupiduglysicily,1
1512,really_yuto,1
1509,keymicharyl,1
1508,frankoceanwhereareyou,1
1507,aarontanktok,1
1505,luca.bresc,1
1504,motherpluckers.co,1
1503,charlidamelimoo,1
1523,grandpaclarence,1
1526,flatflamincheetos,1
1529,memeforfree_official,1
1539,whateverwilson,1
1549,baetyo_tiktok,1
1548,blushimc,1
1546,craftingnetwork,1
1544,yung_gato,1
1543,bozocalo,1
1542,tyga,1
1540,kylie_burns,1
1538,lindseydunnaway,1
1530,i_am_duck___,1
1537,quickclips10,1
1536,levisbitch92,1
1535,mauliiscience,1
1534,junomae_,1
1533,scheck,1
1532,taylor_hopper6,1
1531,mattgeekpride,1
1404,doctor.sina,1
1402,shinanova,1
1401,artbyoums,1
1259,theceoofcats,1
1282,african_derrick,1
1281,charlizard_go,1
1279,mirandaroxx,1
1277,iamcurlycale,1
1275,fish_fanatic,1
1274,fqiryminn,1
1273,kanakmasten,1
1272,epicnick00,1
1271,jacoby.gamer,1
1270,pigeonvalley98,1
1268,vivsmee,1
1267,thezolyspirit,1
1266,d0nteatmybanana,1
1265,lozfood,1
1264,liannelahavasofficial,1
1262,rewhoresful,1
1261,emrouleauart,1
1283,f4lth,1
1284,rorogaetano1223,1
1285,imnotgrce,1
1298,charlsvee94,1
1308,arrynskelly,1
1306,greyson_nekrutman,1
1305,stickiemart,1
1304,theravine.smp,1
1302,harrystylesbemine,1
1301,kodaandbella,1
1300,emmibeearts,1
1297,soylea._,1
1286,monkeyman10300,1
1296,quenblackwell,1
1295,vorzai,1
1293,tomgoulet,1
1292,ethancarlin2,1
1291,booboostewart.art,1
1288,tibbersandboba,1
1287,izolas,1
1260,drumsyofficial,1
1258,cigarettesarchive,1
1400,chronicallyquirky,1
1257,teweee810,1
1232,snipesbladeworks,1
1231,superspecifichoroscopes,1
1230,duangduangu,1
1229,emv933,1
1228,ferretdaddy,1
1227,boscoandhisbigstick,1
1226,aggressivelytired,1
1224,ronnie.wheels,1
1223,lofiwave98,1
1222,nba12k_ufc,1
1221,julybturren,1
1219,taksoh,1
1218,angeldoll574,1
1217,woosung.boardgames,1
1216,farhakhalidi,1
1214,kriscollege,1
1213,hanaault,1
1233,kristiinawilson,1
1235,ponyo2410,1
1236,averagefarmers,1
1249,calvin.coolidge.pilled,1
1256,finnandalex,1
1255,gwennitheworkingcocker,1
1254,unique.brett,1
1253,miraculousladybug696,1
1252,alhoke,1
1251,wonderfulmichael,1
1250,donttakeadvatageofpeople,1
1248,richcaroline,1
1239,fattest.nalgas,1
1246,floriangadsby,1
1245,diggarossa,1
1244,seahssam,1
1243,gartygoodies,1
1242,sipnplaynycofficial,1
1241,drdonyoo,1
1240,mrsniceguyy,1
1309,chlloemgn,1
1311,thisdoesknottmatter,1
1313,sunkencity64,1
1314,petercollinsmusic,1
1375,btmodz,1
1374,newenflop,1
1373,worldathletics,1
1372,artscapades,1
1371,whiskstowhiskers,1
1370,ultragamingclips,1
1369,catboyha1o,1
1368,cardqueenkatie,1
1367,littlejem4,1
1366,jazzyjazzboi,1
1365,sydjkell,1
1363,tslom,1
1362,321movieclips,1
1361,j.rodgers15,1
1360,jeremycohen,1
1359,claycarvingasmr,1
1358,fridlaa,1
1376,chinpals,1
1378,kochinomori,1
1379,nutritionbykylie,1
1390,campbellmackad91,1
1399,carriewastaken3,1
1398,sheislivi,1
1397,jamesemes,1
1396,drawinoff,1
1395,ameliaclegg,1
1393,zarahsultanamp,1
1391,faymouse101,1
1389,_mynameischo,1
1380,lightscameraants,1
1388,hannnwuuu123,1
1387,dr_inna,1
1385,evanwaggoner28,1
1384,jordanfromvegaz,1
1383,chazewilliamz,1
1382,tyso.fly,1
1381,carissasugita,1
1357,summersideup,1
1356,milesm143,1
1355,joinbubbl,1
1323,sogoggi,1
1331,andriana_marine,1
1330,mxriyum,1
1329,donaldd56,1
1327,thekaranmenon,1
1326,audreysaurus,1
1325,emreemayy,1
1324,_corvina,1
1322,craftsmilesclt,1
1333,phoebebby,1
944,davidcamit,1
1320,eddyovergold,1
1319,ash.artwick,1
1318,chihuahua_peanut,1
1317,tally_the_tiger,1
1316,hopespringseterna42,1
1315,infinitehorizonart,1
1332,noelleagcaoili,1
1334,danshaba,1
1354,mrs.huddlehousebulls,1
1346,avemoves,1
1353,stardabratt,1
1352,serenity_health,1
1351,ellaboyett,1
1350,someonenotthou,1
1349,australianreptilepark,1
1348,the_facia_hub,1
1347,applecomedy,1
1345,shelbylbarlow,1
1336,dpmakestuff,1
1344,kaleboat,1
1343,specopboom,1
1342,therealjunocat,1
1341,angelburford,1
1340,gulzirazzz,1
1339,therealjpsaga,1
1337,angels....photo_shoot,1
945,honkbelle,1
800,donovan.patron,1
943,teddythomass,1
410,attackontitan96,1
407,sam_d0ll,1
406,peachesnjojo,1
405,just_a_can_of_sauce,1
404,jessesulli,1
403,m.yaaxx,1
402,lifeofayla,1
398,rexchuoctomush,1
397,cbsnews,1
396,worldencyclopedia2,1
395,encurtis,1
394,codydearmusic,1
393,malcfish,1
392,bestestgrammer,1
389,yurioko,1
388,murod_one,1
387,capynabe,1
385,victoriabachlet,1
409,onlinehalo,1
411,ms.laredrose,1
942,bobyliss,1
412,alizwemke,1
432,livingrps,1
431,kuroo..tetsur0,1
430,riley9930,1
429,jasonthinks,1
428,anastasiavthompson,1
427,hshahrhahh,1
426,litto_lychee,1
425,bakersmanncookies,1
424,ligier,1
423,averagefashionblogger,1
422,giucosplays,1
421,madd1ewalsh,1
418,pollypocketsy,1
417,supermariopixel,1
416,thegamer._.lisa,1
415,3yf9,1
414,viluong,1
383,jasonmarsalis,1
381,youraveragtechbro,1
380,rescuerestore,1
379,riawrrrr,1
355,texasbeeworks,1
354,annisnaeem,1
353,illegalminecraft,1
352,therraven_,1
351,pr4nny,1
350,trippybunni,1
346,zeezzeeeee,1
345,pumpkinthemunchkin,1
343,lalachlan,1
342,miassweetsandthings,1
341,tool_tips,1
340,mean_hho,1
339,d_will_e,1
338,aimeemassie,1
336,guccithesnail420,1
335,misssirois,1
334,michael.napiza,1
356,plantthingzz,1
357,thetortoisewhisperer,1
359,facbeook,1
371,tippiiii,1
378,futureteachermitchell,1
377,ila.paints,1
376,matt_toledo,1
375,yustinhissink,1
374,kalessh,1
373,nft_gallery,1
372,annalaura_art,1
370,mrmilothechonk,1
360,mysticatlive,1
369,oldbutgoldenage,1
368,kritixalhunna115,1
367,nintendo.grl,1
365,lshhhttyu,1
364,breathebluedoor,1
363,twohigh2cry,1
361,g00d.vibes10,1
433,douglasgamer21,1
434,stephaniecarroll471,1
435,stonejuststone,1
480,talalovesyouart,1
503,josias_the_animal_man,1
502,ohitsrobinmttv,1
501,khoalaaa,1
500,starshipsaremeanttofiy,1
498,clawson89,1
497,mcbestclips,1
496,vine_official00,1
495,thisisnotella,1
492,nikjewnior,1
491,sweet_mayhem_bakes,1
490,nakudame,1
489,ssh1zuk0,1
488,saken_flacko,1
485,bethzairalopez,1
484,phlip._.phlop,1
483,amberyeet,1
482,luvbellybun,1
504,saveafox.rescue,1
505,trikovaa,1
506,justthingsiguesss,1
520,cass_lamarre,1
532,maretame,1
529,valiumdreams,1
528,sasukiiiiiii,1
527,pikanab,1
526,dinobopz,1
522,chez_jorge,1
521,_gg611,1
518,tinnytin12232,1
507,s1mulatio.n,1
515,dariong8,1
514,brandump,1
512,kylascan,1
511,deadave,1
510,codyconk,1
509,realjahlilbeats,1
508,a.ndwea,1
481,kingshun,1
479,stonypointpottery,1
438,haerims.harem,1
478,wetspecimen,1
456,coffee_breed,1
455,carboncoskins,1
454,jackieliuart,1
453,kalikohlhof,1
452,staticshawty,1
451,zezabrito3,1
450,isaartahir,1
449,andycuhmc,1
448,scottishfishband,1
447,bulgogi.podcast,1
446,leagueofpigs,1
445,stephenshutters,1
443,heartofasia26,1
442,the_avantgarde,1
441,bestfootballtiktokk,1
440,dr.coreyhartman,1
439,torilocklear,1
457,calebrownn,1
458,cartoonnetwork,1
459,ak_mermaid,1
470,jinaseong,1
477,foxy_story,1
476,primadonner,1
475,zackthebarber,1
474,payyaal,1
473,maiyabuck,1
472,color.ai,1
471,estellee15,1
469,deebo__felicia,1
460,dailygamebytes,1
468,salkhanacademy,1
466,wtnbrico,1
465,riannahasbeans,1
464,artistically.amber,1
463,sistersister2waytwister,1
462,nhilynnnguyen,1
461,duoduoo00,1
333,katkatmanimtim123,1
332,mixrachaya,1
331,mrk_dnl_mndz,1
61,okcron,1
92,markaaaay,1
90,wisdm8,1
88,avani,1
87,insanesluug,1
80,matt_marvel,1
79,modelartspaanimas,1
78,the.hannahjensen,1
76,jamesdaddy35,1
75,laz_bomb,1
74,johandrox,1
73,creatingherself,1
72,sarah.maressa,1
71,saniabby,1
69,zzxxcc2232,1
67,gonzalomntr,1
65,arwaakhu,1
63,teruhotshi,1
198,alyssagutierrrez,1
199,garrettboldenjr,1
200,oktaanggi10,1
211,milos.guzel,1
221,jjkkokie,1
220,bz_mattyechavez,1
219,ynamagendaa,1
217,chiefairaph,1
215,realbiancasantos,1
213,marcdanielbernardo,1
212,anastasyaruth,1
209,kimsmolina22,1
201,banktenbankten,1
208,cassy.legaspi,1
207,thecelyvazquez,1
206,ayugurnita12,1
205,teamnadera,1
204,mggycstro,1
203,artedekoko,1
202,jazminrae18,1
62,babyyodaonthego,1
59,kellen_original,1
223,iceety2,1
58,tmgtok69,1
27,ssnowcatt,1
26,layaung606,1
23,kate.ate,1
21,officialjayzammanabat,1
20,_mookyyy,1
19,maydaplas,1
18,gueco_gabby,1
16,dimafelixjr,1
15,daneriejamess,1
14,rzqinandaa,1
13,wilbertross,1
12,mjts92,1
11,m1chhh_,1
7,jmlicup,1
6,btsthings.a,1
5,xrekzy,1
3,chemteacherphil,1
28,bbangjoo0,1
29,kuayphengtha,1
30,fernanda.realpe,1
48,felladude,1
57,hileeeen_uwu,1
56,iminnitt,1
55,bretmanrock,1
54,_mattiej_,1
53,monicapence2,1
50,kyahnextdoor,1
49,actorsaccentcoach,1
47,jasonbankscomedy,1
33,pputrisaall,1
46,xkyeii,1
44,roudoffthegun,1
43,angelogletreee,1
42,carlallens,1
41,classybooji,1
40,chunkysdead,1
37,austinpostisdaddy,1
222,amrmzm,1
224,ash.e.e,1
330,zacklugo,1
276,adelevaleriote,1
297,lauri.newhorizons,1
296,charliethebrit,1
295,fw.lancelot,1
294,erickperezhd,1
293,visionarymoodco,1
292,futurayt_,1
291,lost.archives,1
290,gwonkgwonk,1
289,lienzo_time10,1
288,kroukul,1
287,yur1m444,1
286,max_randolph_studios,1
285,victoriahammett,1
284,hololivelover,1
282,bobbiecurtislee,1
280,moribyan,1
279,fr0gboo,1
300,adriiii97x,1
301,clouvdzlolz,1
302,leehyuncha,1
320,anawakc,1
329,love_series4u,1
327,brushedbysophh,1
326,faucetts,1
325,killm3angel,1
324,matthansenmusic,1
322,robbbyricch,1
321,ny_pig,1
318,edenvonweiss,1
303,beginnerchessclub,1
315,nico.jackson.zoey,1
314,yannonmusic,1
310,cassiedepecol,1
309,madelineaford,1
308,cocomencr,1
307,samanandalib,1
306,mimilapoop,1
277,gemmartb,1
275,gamingcodclips,1
225,nilsonneto,1
274,hairbykenziek,1
242,kimpeeee,1
241,raeinhyer,1
240,andnt_,1
239,gifer.fernandez,1
238,itsreallynando,1
237,renejaybarcarse,1
236,migueltanfelix98,1
235,daveesguerra,1
234,zheaqhie,1
233,seamanloloko,1
232,alexsicatt,1
231,franzmiaco11,1
230,hannahmariea_,1
229,matamnlshop,1
228,hegyzy,1
227,eyavanana,1
226,yarieeh,1
244,banditsaur,1
245,vivecachow,1
246,gorilloyt,1
264,da_narrator,1
273,dauveesimon,1
272,itsellendegenerate,1
270,tokrepeats,1
269,emmaesmej,1
268,pryor_gaming,1
267,argentiquaire,1
265,misocomehere,1
263,niki_patton,1
247,happytweezers,1
262,foodshotlover,1
260,blend.the.rainbow,1
259,piptidelive,1
258,pitiful.plum,1
255,yeedasu,1
251,annnexmp,1
249,needforbreed,1
533,dognamedstella,1
534,traumedycentral444,1
536,thelanehunter,1
799,manolivisuals,1
824,likesirl,1
823,kimberleycooks,1
822,hushmozey,1
821,candiselin86,1
820,wyd.paige,1
817,aprilbasi,1
816,aftrimage,1
815,determinedmagikarp,1
813,clipsfarmer,1
812,cringetokmania,1
808,nick.animalia,1
807,rominagafur,1
806,look_its_ella,1
805,schmoyoho,1
804,best.zodiac_signs2020,1
803,gudetima,1
802,andrewivx2.0,1
825,billy.types,1
826,theplantyedit,1
827,meatman_jellibean,1
840,ash_bakee,1
848,gabeadams,1
847,tomeybones,1
845,viva.valentina,1
844,geoscan.show,1
843,kidg0han,1
842,mrghostman_,1
841,.harmony.sapphire_,1
839,olanotpog,1
828,mollymashes,1
838,yuna.babo,1
837,lahbco,1
836,kimberlyannsalvino,1
835,splatoxic,1
834,ariesfairy1,1
832,dani_minec,1
830,duddley_,1
801,ad0913,1
798,heyheather222,1
850,hannah._chavez,1
797,bingbangbhaung,1
769,zeezee25,1
768,deepblue__,1
767,twincoast,1
766,disastrophefilms,1
765,m3gslr,1
763,coronavirus_inthetown,1
762,mekhiarthur,1
761,nanurizvi3,1
760,reiyothegiant,1
757,barkerball,1
756,_gen.ii,1
754,paintwithjeff,1
753,qslaz,1
752,emmz3y,1
751,classactionlawyer,1
747,javktimo11,1
746,ryan._.peterson,1
770,endermanwithnopearl_,1
771,mndiaye_97,1
772,random.00o,1
783,bluuestormm,1
796,oliverxocampo,1
795,keystonetheweenie,1
790,katie_friedho,1
789,skitwavyjay,1
788,themainsofficial,1
786,notinthcadillac,1
785,notmail_,1
782,dan.yulz,1
773,lindsical,1
781,lukie_boy,1
780,demicajamaal,1
779,lolipopopop_,1
778,jayandsharon,1
777,mariah.baillie,1
776,stationeryous,1
775,tybridgwater,1
849,binofchoco,1
852,wotsuga,1
744,bobbiegoods,1
900,shmookville,1
919,tigressx,1
918,steveharveysleftkidney,1
917,cakesbykasib,1
916,morty_morty_the_cat,1
915,viviandluong,1
914,gazi.ai,1
913,azur.e.e,1
912,dqrkcigqrettes,1
911,weslinacosta0,1
910,shubh.films,1
909,alweis_,1
908,honerui,1
907,gregpuckett1,1
906,mahaqni_sl,1
905,lilieo,1
904,drlily2,1
903,dj_motorboat,1
920,benjybrooke,1
922,isthatdanaa,1
923,tokuiyoshimi,1
934,waiters90,1
941,planet.lj,1
940,mas4k,1
939,docfrankhere,1
938,skuishi_builds,1
937,zacharie_cd,1
936,bluberrycow,1
935,alexwortman7,1
933,k_the_1,1
924,magimerlin,1
932,sorry.im.awkward,1
931,diegocervantes19,1
930,luv2spoon,1
928,bre_salas,1
927,patcren,1
926,kyeole,1
925,rubybeauty,1
902,rockhoundhan,1
899,audreyvictoria_,1
853,missashleyd,1
898,lstoast,1
872,alicecsun,1
871,zaryahspeptobismol,1
869,xickel,1
868,hope.she.doesnt.see.this,1
867,fatherbrina,1
866,cuteravines,1
865,joleitaaa,1
864,djhabibeats,1
863,pacifierfish,1
862,raileydzz,1
861,jakchall,1
860,emmameghann,1
859,rugiledegutyte,1
858,food_raiders,1
856,gourmet_carving,1
855,thereddithypehouse,1
854,seleeener96,1
873,brownboy.likeanime,1
874,shop.velvetunderground,1
875,11tazu,1
890,purpled08,1
897,jdaddyle,1
896,tofuthefloof,1
895,omniflowers,1
894,alexwilkie0,1
893,matthewtilley21,1
892,sbsiu,1
891,kungfu_aa,1
889,ajeburns,1
878,madmorph,1
887,lacifleenor1,1
886,kokomauihawaii,1
885,studyfrench,1
884,samrubyp,1
883,charmecustoms,1
882,jack_bandy,1
881,chenchoooooooo,1
745,4liferkayla_,1
742,brettboles,1
537,spoiledcitycats,1
590,er..er..erika,1
611,zmoreno13,1
609,agundis39,1
608,michael.ryterski,1
607,mikeyt319,1
606,demajhak,1
605,german2kballin,1
604,valorant.jay,1
603,barrayand,1
602,yaagamiii,1
601,cringetvv,1
600,chrisfixit,1
599,fiyahfeasts,1
598,aerienuh,1
597,skullcandyartco,1
595,alistairmatthews0,1
594,a_petlives,1
593,johnmayer,1
612,namjoonshope,1
613,francine.ng,1
614,lilnasx,1
630,mad_radd,1
639,esproc69,1
637,ashisacomrade,1
636,lemonlui,1
634,bluebelloak,1
633,cadencethebro,1
632,_xoshannon,1
631,billywithan8,1
629,bellaaajeanne,1
618,ellalalara,1
628,georgenotfound,1
627,sarahswhor3,1
626,danschym,1
623,jasonlovestaylor,1
622,annauwuchan,1
621,lilclaireyp,1
619,mjeromebell,1
591,ohkaygrill,1
589,pulsemusicmedia,1
641,greatest_dadalive,1
588,teamslommie,1
559,switchupbreezy,1
558,cannacultivator,1
557,darcy.stokes,1
556,amoochlife,1
554,gabrielfeitosagroomer,1
550,chadandjt,1
549,ayyylarsh,1
548,ebonylorenmusic,1
547,yt.lucid,1
546,stephtravels_nyc,1
544,imjisoofr,1
543,gaymoondude,1
542,dorkontheline,1
541,sandsculptor,1
540,.jasonescobar,1
539,itsallaboutbex,1
538,derbyshire_pony_trekking,1
560,tazerthelazer_,1
561,soccer.facts1080,1
562,cyreex,1
575,liltwistedfarm,1
586,adams_ark,1
585,rag.report,1
584,carolinagelen,1
582,thewoodmother,1
579,ash.stone,1
578,the_real_toulouse,1
576,soysauzey,1
574,rootedinspice,1
564,_theiconoclass,1
573,xoheartemoji,1
572,ilovemommymilkers69420_,1
571,briellesteele,1
570,woodcarving999,1
568,mrfunknasty,1
567,dylaroonie,1
565,superwurm.de,1
640,priiyaxo,1
642,cheetahpr1nt,1
741,catnipandcantrips,1
693,bsbl.brody,1
713,zponixx,1
711,alecmartinimusic,1
710,1ukon,1
709,seth_yerian,1
708,jmz_editz,1
707,the.telekinesis.gurl,1
706,kendalllang5,1
705,iamquinstott,1
704,andrew42__,1
703,laur.laur.laur,1
702,__love.machine,1
701,i.t.m.p,1
700,lostkxmra,1
699,abnormal_titan26,1
698,gregrubbert,1
697,lnd_gaming_,1
695,kuebskubs,1
714,deepasoutfits,1
715,lewbearbrown,1
716,charlie_adventurecat,1
727,sillyrivers258,1
739,lyleforever,1
738,l.vianey.l,1
737,faroahhh,1
735,grandma.pham,1
733,kelliamirah,1
731,jessie.mp3,1
728,sawneedogs,1
726,tornadre,1
717,mirandagould,1
725,sws420,1
723,cessmercado_,1
722,alyeagerbomb,1
721,ethanzqx,1
720,x.zodiacs.food.x,1
719,jamilavanilla_,1
718,_snappygilmore,1
694,tonesterpaints,1
692,thibaudcnt,1
643,darkkcosmo,1
691,fionajordann277,1
661,zni_art,1
660,carpetrepairguys,1
659,ke1estial,1
658,alexisnikole,1
657,wuhray,1
656,athy.s,1
655,kosmic_rl,1
654,julie.later,1
653,mslabounty,1
652,.baby.frogs,1
651,haileyych,1
650,itchban,1
649,fenhui0,1
648,caseywhines,1
647,madeline.partridge.art,1
646,ashmarquez20,1
645,kajsaalte,1
663,feelgoodbrandco,1
664,ugurgrgl,1
665,just_kade14,1
681,april.gloom,1
690,baldiebihs,1
689,jamalg.14,1
687,siko.ag1,1
685,lylons,1
684,nycdump,1
683,xqcdaily,1
682,william.hornby,1
677,vaccinequeen,1
666,daniellebuilds,1
676,jonny_k_27,1
674,desperatelyseekingseitan,1
673,solid_otter,1
672,stillhavetime2deletevid,1
671,loughh,1
670,cauleyflowers,1
667,tadaitsxander,1
1599,enderhusband,1
